{
  "status": "fallback",
  "initial_capital": 100000,
  "final_capital": 112216.13962992645,
  "total_return": 0.12216139629926448,
  "performance_metrics": {
    "total_return": 0.12216139629926448,
    "annualized_return": 0.08282617284395988,
    "volatility": 0.3208992994676125,
    "sharpe_ratio": 0.5,
    "max_drawdown": -0.1,
    "win_rate": 0.6,
    "total_trades": 50
  },
  "trades": 50,
  "portfolio_history": []
}